[
{"Loire Atlantique":[{"name":"ABBARETZ","email":"mairie@abbaretz.fr"},{"name":"AIGREFEUILLE SUR MAINE","email":"info@aigrefeuillesurmaine.com"},{"name":"ANCENIS","email":"mairie@ancenis.fr"},{"name":"ANETZ","email":"mairie.anetz@wanadoo.fr"},{"name":"ARTHON EN RETZ","email":"mairie.arthon-en-retz@wanadoo.fr"},{"name":"ASSERAC","email":"info@asserac.fr"},{"name":"AVESSAC","email":"mairie.avessac@wanadoo.fr"},{"name":"BARBECHAT","email":"mairie.barbechat@wanadoo.fr"},{"name":"BASSE GOULAINE","email":"contact@basse-goulaine.fr"},{"name":"BATZ SUR MER","email":"mairiebatzsurmer@wanadoo.fr"},{"name":"BELLIGNE","email":"mairie.belligne@wanadoo.fr"},{"name":"BESNE","email":"communedebesne@wanadoo.fr"},{"name":"BLAIN","email":"mairie@ville-blain.fr"},{"name":"BONNOEUVRE","email":"MAIRIE-DE-BONNOEUVRE@WANADOO.FR"},{"name":"BOUAYE","email":"contact@mairie-bouaye.fr"},{"name":"BOUEE","email":"mairie.bouee@wanadoo.fr"},{"name":"BOUGUENAIS","email":"courriel@ville-bouguenais.fr"},{"name":"BOURGNEUF EN RETZ","email":"mairiebourgneuf@wanadoo.fr"},{"name":"BOUSSAY","email":"mairie-de-boussay@wanadoo.fr"},{"name":"BOUVRON","email":"mairie.bouvron@wanadoo.fr"},{"name":"BRAINS","email":"accueil@mairie-brains.fr"},{"name":"CAMPBON","email":"mairie.de.campbon@wanadoo.fr"},{"name":"CARQUEFOU","email":"bir.com@mairie-carquefou.fr"},{"name":"CASSON","email":"contact@casson.fr"},{"name":"CHATEAUBRIANT","email":"info@ville-chateaubriant.fr"},{"name":"CHATEAU THEBAUD","email":"mairie.chateau-thebaud@orange.fr"},{"name":"CHAUVE","email":"mairie-de-chauve@wanadoo.fr"},{"name":"CHEIX EN RETZ","email":"mairie.cheixenretz@wanadoo.fr"},{"name":"CHEMERE","email":"chemere.mairie@wanadoo.fr"},{"name":"CLISSON","email":"contact@mairie-clisson.fr"},{"name":"CONQUEREUIL","email":"mairie.conquereuil@wanadoo.fr"},{"name":"CORCOUE SUR LOGNE","email":"mairiecorcoue@wanadoo.fr"},{"name":"CORDEMAIS","email":"mairie@cordemais.com"},{"name":"CORSEPT","email":"mairiedecorsept@wanadoo.fr"},{"name":"COUERON","email":"communication@mairie-coueron.fr"},{"name":"COUFFE","email":"mairie-couffe@wanadoo.fr"},{"name":"CROSSAC","email":"mairie.crossac@wanadoo.fr"},{"name":"DERVAL","email":"mairie.derval@free.fr"},{"name":"DONGES","email":"mairie@ville-donges.fr"},{"name":"DREFFEAC","email":"mairie.dreffeac@wanadoo.fr"},{"name":"ERBRAY","email":"mairie.erbray@wanadoo.fr"},{"name":"FAY DE BRETAGNE","email":"accueil@faydebretagne.fr"},{"name":"FEGREAC","email":"mairie@fegreac.fr"},{"name":"FERCE","email":"mairie.ferce@wanadoo.fr"},{"name":"FRESNAY EN RETZ","email":"sgfresnay@wanadoo.fr"},{"name":"FROSSAY","email":"accueil.mairie-frossay@wanadoo.fr"},{"name":"GENESTON","email":"mairie.geneston@wanadoo.fr"},{"name":"GETIGNE","email":"mairie.getigne@wanadoo.fr"},{"name":"GORGES","email":"mairie.gorges@wanadoo.fr"},{"name":"GRAND AUVERNE","email":"mairie.grand.auverne@wanadoo.fr"},{"name":"GRANDCHAMP DES FONTAINES","email":"contact@grandchampdesfontaines.fr"},{"name":"GUEMENE PENFAO","email":"contact@mairie-guemene-penfao.fr"},{"name":"GUENROUET","email":"mairie-de-guenrouet@wanadoo.fr"},{"name":"GUERANDE","email":"villedeguerande@gmail.com"},{"name":"HAUTE GOULAINE","email":"mairie@mairie-haute-goulaine.fr"},{"name":"HERBIGNAC","email":"contact@herbignac.com"},{"name":"HERIC","email":"contact.mairie@heric.fr"},{"name":"INDRE","email":"mairie@indre44.fr"},{"name":"ISSE","email":"mairie.isse@wanadoo.fr"},{"name":"JANS","email":"communedejans@wanadoo.fr"},{"name":"JOUE SUR ERDRE","email":"mairiejouesurerdre@wanadoo.fr"},{"name":"JUIGNE LES MOUTIERS","email":"mairie.juignelesmoutiers@wanadoo.fr"},{"name":"LA BAULE ESCOUBLAC","email":"accueil@mairie-labaule.fr "},{"name":"LA BERNERIE EN RETZ","email":"contact@mairie-labernerie.fr"},{"name":"LA BOISSIERE DU DORE","email":"dgs@mairie-laboissieredudore.fr"},{"name":"LA CHAPELLE BASSE MER","email":"mairie@chapellebassemer.fr"},{"name":"LA CHAPELLE DES MARAIS","email":"nelly@lachapelledesmarais.fr"},{"name":"LA CHAPELLE GLAIN","email":"communelachapelleglain@wanadoo.fr"},{"name":"LA CHAPELLE HEULIN","email":"accueil@mairie-lachapelleheulin.fr"},{"name":"LA CHAPELLE LAUNAY","email":"lachapellelaunay.mairie@wanadoo.fr"},{"name":"LA CHAPELLE SAINT SAUVEUR","email":"mairie.chapstsauv@wanadoo.fr"},{"name":"LA CHAPELLE SUR ERDRE","email":"mairie@lachapellesurerdre.fr"},{"name":"LA CHEVALLERAIS","email":"mairie.chevallerais@wanadoo.fr"},{"name":"LA CHEVROLIERE","email":"commune@mairie-lachevroliere.fr"},{"name":"LA GRIGONNAIS","email":"mairie@lagrigonnais.fr"},{"name":"LA HAIE FOUASSIERE","email":"mairie.hayefouassiere@wanadoo.fr"},{"name":"LA LIMOUZINIERE","email":"lalimouziniere@oceanet.fr"},{"name":"LA MARNE","email":"mairie.lamarne@wanadoo.fr"},{"name":"LA MEILLERAYE DE BRETAGNE","email":"mairie.meilleraye@wanadoo.fr"},{"name":"LA MONTAGNE","email":"mairie@ville-lamontagne.fr"},{"name":"LA PLAINE SUR MER","email":"mairie@laplainesurmer.fr"},{"name":"LA PLANCHE","email":"MAIRIE.LAPLANCHE@wanadoo.fr"},{"name":"LA REGRIPPIERE","email":"contact@mairie-laregrippiere.fr"},{"name":"LA REMAUDIERE","email":"mairie.laremaudiere@wanadoo.fr"},{"name":"LA ROCHE BLANCHE","email":"mairie-de-la-roche-blanche@wanadoo.fr"},{"name":"LA ROUXIERE","email":"CommunedelaRouxiere@wanadoo.fr"},{"name":"LA TURBALLE","email":"secretariatgeneral@mairielaturballe.fr"},{"name":"LAVAU SUR LOIRE","email":"mairie.lavau-sur-loire@wanadoo.fr"},{"name":"LE BIGNON","email":"contact@mairielebignon.fr"},{"name":"LE CELLIER","email":"mairie@lecellier.fr"},{"name":"LE CROISIC","email":"mairieducroisic@lecroisic.fr"},{"name":"LE FRESNE SUR LOIRE","email":"mairiedufresne@wanadoo.fr"},{"name":"LE GAVRE","email":"mairiedugavre@wanadoo.fr"},{"name":"LEGE","email":"contact@ville-lege44.fr"},{"name":"LE LANDREAU","email":"mairie@le-landreau.fr"},{"name":"LE LOROUX BOTTEREAU","email":"mairie.loroux@wanadoo.fr"},{"name":"LE PALLET","email":"contact@mairie-lepallet.fr"},{"name":"LE PELLERIN","email":"info@mairie-lepellerin.fr"},{"name":"LE PIN","email":"mairielepin@wanadoo.fr"},{"name":"LE POULIGUEN","email":"contact@mairie-lepouliguen.fr"},{"name":"LES MOUTIERS EN RETZ","email":"contact@mairie-lesmoutiersenretz.fr"},{"name":"LES SORINIERES","email":"mairie@ville-sorinieres.fr"},{"name":"LES TOUCHES","email":"contact@les-touches.fr"},{"name":"LE TEMPLE DE BRETAGNE","email":"communedutempledebretagne@wanadoo.fr"},{"name":"LIGNE","email":"mairie@ligne.fr"},{"name":"LOUISFERT","email":"commune.louisfert@wanadoo.fr"},{"name":"LUSANGER","email":"mairie.lusanger@wanadoo.fr"},{"name":"MACHECOUL","email":"info@machecoul.com"},{"name":"MAISDON SUR SEVRE","email":" mairie@maisdons-sur-sevre.fr"},{"name":"MALVILLE","email":"mairie-de-malville@wanadoo.fr"},{"name":"MARSAC SUR DON","email":"info@mairie-marsacsurdon.fr"},{"name":"MASSERAC","email":"masserac@wanadoo.fr"},{"name":"MAUMUSSON","email":"mairie-maumusson44@wanadoo.fr"},{"name":"MAUVES SUR LOIRE","email":"mairie.mauves@mauvessurloire.fr"},{"name":"MESANGER","email":"mairie.mesanger@wanadoo.fr"},{"name":"MESQUER","email":"mairie.mesquer@wanadoo.fr"},{"name":"MISSILLAC","email":"mairie.de.missillac@wanadoo.fr"},{"name":"MOISDON LA RIVIERE","email":"mairie.moisdon@wanadoo.fr"},{"name":"MONNIERES","email":"mairie.monnieres@wanadoo.fr"},{"name":"MONTBERT","email":"mairiedemontbert@oceanet.fr"},{"name":"MONTOIR DE BRETAGNE","email":"contact@montoirdebretagne.fr"},{"name":"MONTRELAIS","email":"mairie@montrelais.fr"},{"name":"MOUAIS","email":"mairie.mouais@wanadoo.fr"},{"name":"MOUZEIL","email":"mairie@mouzeil.fr"},{"name":"MOUZILLON","email":"accueil@mairie-mouzillon.fr"},{"name":"NANTES","email":"contact@mairie-nantes.fr"},{"name":"NORT SUR ERDRE","email":"communication@nort-sur-erdre.fr"},{"name":"NOTRE DAME DES LANDES","email":"contact@notre-dame-des-landes.fr"},{"name":"NOYAL SUR BRUTZ","email":"mairienoyalsurbrutz@wanadoo.fr"},{"name":"NOZAY","email":"mairie@nozay44.fr"},{"name":"ORVAULT","email":"contact@mairie-orvault.fr"},{"name":"OUDON","email":"accueil@oudon.fr"},{"name":"PAIMBOEUF","email":"mairie@paimboeuf.fr"},{"name":"PANNECE","email":"compa@pannece.fr"},{"name":"PAULX","email":"mairiedepaulx@wanadoo.fr"},{"name":"PETIT AUVERNE","email":"mairie.petit-auverne@orange.fr"},{"name":"PETIT MARS","email":"mairie@petitmars.fr"},{"name":"PIERRIC","email":"mairie.pierric@wanadoo.fr"},{"name":"PIRIAC SUR MER","email":"mairie@piriac.net"},{"name":"PLESSE","email":"mairie.plesse@wanadoo.fr"},{"name":"PONTCHATEAU","email":"communication@pontchateau.fr"},{"name":"PONT SAINT MARTIN","email":"contact@mairie-pontsaintmartin.fr"},{"name":"PORNIC","email":"contact@pornic.fr"},{"name":"PORNICHET","email":"mairie@mairie-pornichet.fr"},{"name":"PORT SAINT PERE","email":"mairie@port-saint-pere.fr"},{"name":"POUILLE LES COTEAUX","email":"pouille-les-coteaux.mairie@wanadoo.fr"},{"name":"PREFAILLES","email":"mairie@prefailles.fr"},{"name":"PRINQUIAU","email":"communeprinquiau@wanadoo.fr"},{"name":"PUCEUL","email":"mairie@puceul.fr"},{"name":"QUILLY","email":"mairie.de.quilly@wanadoo.fr"},{"name":"REMOUILLE","email":"mairie-de-remouille@wanadoo.fr"},{"name":"REZE","email":"administration@mairie-reze.fr"},{"name":"RIAILLE","email":"mairie@riaille.fr"},{"name":"ROUANS","email":"rouans.mairie@wanadoo.fr"},{"name":"ROUGE","email":"mairie-rouge@orange.fr"},{"name":"RUFFIGNE","email":"mairie.ruffigne@wanadoo.fr"},{"name":"SAFFRE","email":"mairie@saffre.fr"},{"name":"SAINT AIGNAN DE GRAND LIEU","email":"contact@mairie-st-aignan-grandlieu.fr"},{"name":"SAINT ANDRE DES EAUX","email":"secretariat@ville-st-andre-des-eaux.fr"},{"name":"SAINT AUBIN DES CHATEAUX","email":"mairie@saint-aubin-des-chateaux.fr"},{"name":"SAINT BREVIN LES PINS","email":"contact@mairie-saint-brevin.fr"},{"name":"SAINT COLOMBAN","email":"mairie@st-colomban.fr"},{"name":"SAINTE ANNE SUR BRIVET","email":"mairie.ste.anne.sur.brivet@wanadoo.fr"},{"name":"SAINTE LUCE SUR LOIRE","email":"contact@sainte-luce-loire.com"},{"name":"SAINTE PAZANNE","email":"mairie@sainte-pazanne.com"},{"name":"SAINTE REINE DE BRETAGNE","email":"mairie.st.reine.bretagne@wanadoo.fr"},{"name":"SAINT ETIENNE DE MER MORTE","email":"mairie-st-etienne-de-mer-morte@wanadoo.fr"},{"name":"SAINT ETIENNE DE MONTLUC","email":"communication@st-etienne-montluc.net"},{"name":"SAINT FIACRE SUR MAINE","email":"mairiestfiacre@orange.fr"},{"name":"SAINT GEREON","email":"stgereon@wanadoo.fr"},{"name":"SAINT GILDAS DES BOIS","email":"mairiestgildas@wanadoo.fr"},{"name":"SAINT HERBLAIN","email":"monsieurlemaire@saint-herblain.fr"},{"name":"SAINT HERBLON","email":"mairie.stherblon44@wanadoo.fr"},{"name":"SAINT HILAIRE DE CHALEONS","email":"sthilairedechaleons@wanadoo.fr"},{"name":"SAINT HILAIRE DE CLISSON","email":"mairiesthilairedeclisson@wanadoo.fr"},{"name":"SAINT JEAN DE BOISEAU","email":"accueil@mairie-saint-jean-de-boiseau.fr"},{"name":"SAINT JOACHIM","email":"mairie@saint-joachim.fr"},{"name":"SAINT JULIEN DE CONCELLES","email":"accueil@ville-saintjuliendeconcelles.fr"},{"name":"SAINT JULIEN DE VOUVANTES","email":"stjuliendevouvantes@wanadoo.fr"},{"name":"SAINT LEGER LES VIGNES","email":"accueil@mairie-saintlegerlesvignes.fr"},{"name":"SAINT LUMINE DE CLISSON","email":"mairie.saintluminedeclisson@orange.fr"},{"name":"SAINT LUMINE DE COUTAIS","email":"st.lumine.de.coutais@free.fr"},{"name":"SAINT LYPHARD","email":"ville@mairie-saint-lyphard.fr"},{"name":"SAINT MALO DE GUERSAC","email":"mairie@saintmalodeguersac.fr"},{"name":"SAINT MARS DE COUTAIS","email":"mairie.saint.mars.coutais@wanadoo.fr"},{"name":"SAINT MARS DU DESERT","email":"mairie@saintmarsdudesert.fr"},{"name":"SAINT MARS LA JAILLE","email":"contact@saint-mars-la-jaille.fr"},{"name":"SAINT MEME LE TENU","email":"mairie.st.memeletenu@wanadoo.fr"},{"name":"SAINT MICHEL CHEF CHEF","email":"mairie@stmichelchefchef.fr"},{"name":"SAINT MOLF","email":"commune-de-saint-molf@wanadoo.fr"},{"name":"SAINT NAZAIRE","email":"contact@mairie.saintnazaire.fr"},{"name":"SAINT NICOLAS DE REDON","email":"mairie.st-nicolas.redon@wanadoo.fr"},{"name":"SAINT PERE EN RETZ","email":"mairie-st-pere@wanadoo.fr"},{"name":"SAINT PHILBERT DE GRANDLIEU","email":"contact@stphilbert.fr"},{"name":"SAINT SEBASTIEN SUR LOIRE","email":"communication@saintsebastien.fr"},{"name":"SAINT SULPICE DES LANDES","email":"compa@saint-sulpice-des-landes.fr"},{"name":"SAINT VIAUD","email":"mairie.stviaud@wanadoo.fr"},{"name":"SAINT VINCENT DES LANDES","email":"saint-vincent-des-landes@fr.st"},{"name":"SAUTRON","email":"mairie@sautron.fr"},{"name":"SAVENAY","email":"mairie@ville-savenay.fr"},{"name":"SEVERAC","email":"mairie-severac@wanadoo.fr"},{"name":"SION LES MINES","email":"mairie.sionlesmines@wanadoo.fr"},{"name":"SOUDAN","email":"mairie.soudan@wanadoo.fr"},{"name":"SOULVACHE","email":"mairie.soulvache@wanadoo.fr"},{"name":"SUCE SUR ERDRE","email":"contact@suce-sur-erdre.fr"},{"name":"TEILLE","email":"mairiedeteille@wanadoo.fr"},{"name":"THOUARE SUR LOIRE","email":"contact@mairie-thouare.fr"},{"name":"TOUVOIS","email":"mairie-touvois44@wanadoo.fr"},{"name":"TRANS SUR ERDRE","email":"contact@mairie-trans.fr"},{"name":"TREFFIEUX","email":"mairie@treffieux.fr"},{"name":"TREILLIERES","email":"mairie@treillieres.fr"},{"name":"TRIGNAC","email":"ville.trignac@wanadoo.fr"},{"name":"VALLET","email":"accueil@vallet.fr"},{"name":"VARADES","email":"mairie@varades.fr"},{"name":"VAY","email":"mairie@vay.fr"},{"name":"VERTOU","email":"ecrire@mairie-vertou.fr"},{"name":"VIEILLEVIGNE","email":"mairie.de.vieillevigne@wanadoo.fr"},{"name":"VIGNEUX DE BRETAGNE","email":"m.priou@vigneuxdebretagne.fr"},{"name":"VILLEPOT","email":"mairie.villepot@wanadoo.fr"},{"name":"VRITZ","email":"compa@vritz.fr"},{"name":"VUE","email":"mairiedevue@wanadoo.fr"}]}
,
{"Haute Corse":[{"name":"AGHIONE","email":"commune-aghione@wanadoo.fr"},{"name":"AITI","email":"AUCUN EMAIL"},{"name":"ALANDO","email":"mairiealando@wanadoo.fr"},{"name":"ALBERTACCE","email":"mairie.albertacce.corse@wanadoo.fr"},{"name":"ALERIA","email":"commune.aleria@wanadoo.fr"},{"name":"ALGAJOLA","email":"mairie-algajola@wanadoo.fr"},{"name":"ALTIANI","email":"mairie.altiani@wanadoo.fr"},{"name":"ALZI","email":"mairie.alzi@wanadoo.fr"},{"name":"AMPRIANI","email":"mairie-ampriani@wanadoo.fr"},{"name":"ANTISANTI","email":"mairie.antisanti@wanadoo.fr"},{"name":"AREGNO","email":"mairie.aregno@wanadoo.fr"},{"name":"ASCO","email":"mairie.asco@corcikadsl.com"},{"name":"AVAPESSA","email":"mairie.avapessa@wanadoo.fr"},{"name":"BARBAGGIO","email":"barbaggio@wanadoo.fr"},{"name":"BARRETTALI","email":"secretariat.barrettali@wanadoo.fr"},{"name":"BASTIA","email":"maire@ville-bastia.fr"},{"name":"BELGODERE","email":"mairie.belgodere@wanadoo.fr"},{"name":"BIGORNO","email":"AUCUN EMAIL"},{"name":"BIGUGLIA","email":"mairie.biguglia@wanadoo.fr"},{"name":"BISINCHI","email":"mairie.bisinchi@wanadoo.fr"},{"name":"BORGO","email":"mairie-borgo@wanadoo.fr"},{"name":"BRANDO","email":"Mairie-de-brando@wanadoo.fr"},{"name":"BUSTANICO","email":"mairie-de-bustanico@wanadoo.fr"},{"name":"CAGNANO","email":"mairie.de.cagnano@orange.fr"},{"name":"CALACUCCIA","email":"mairie.calacuccia@wanadoo.fr"},{"name":"CALENZANA","email":"mairie-calenzana@wanadoo.fr"},{"name":"CALVI","email":"infos@villedecalvi.fr"},{"name":"CAMBIA","email":"mairie.cambia@orange.fr"},{"name":"CAMPANA","email":"commune-de-campana@orange.fr"},{"name":"CAMPI","email":"campi.mairie@wanadoo.fr"},{"name":"CAMPILE","email":"mairie.campile@wanadoo.fr"},{"name":"CAMPITELLO","email":"commune.campitello@orange.fr"},{"name":"CANALE DI VERDE","email":"canalediverde@wanadoo.fr"},{"name":"CANARI","email":"mairiecanari@wanadoo.fr"},{"name":"CANAVAGGIA","email":"mairie.canavaggia@wanadoo.fr"},{"name":"CARCHETO BRUSTICO","email":"mairiecarcheto.brustico@wanadoo.fr"},{"name":"CARPINETO","email":"AUCUN EMAIL"},{"name":"CARTICASI","email":"mairiecarticasi@orange.fr"},{"name":"CASABIANCA","email":"mairie.casabianca@wanadoo.fr"},{"name":"CASALTA","email":"mairie.casalta@wanadoo.fr"},{"name":"CASAMACCIOLI","email":"mairie.casamaccioli@orange.fr"},{"name":"CASANOVA","email":"commune-casanova-de-venaco@wanadoo.fr"},{"name":"CASEVECCHIE","email":"AUCUN EMAIL"},{"name":"CASTELLARE DI CASINCA","email":"mairiecastellare@cegetel.net"},{"name":"CASTELLARE DI MERCURIO","email":"mairiedecastellare-di-mercurio@wanadoo.fr"},{"name":"CASTELLO DI ROSTINO","email":"mairie.castelludirustinu@wanadoo.fr"},{"name":"CASTIFAO","email":"mairie-de-castifao@wanadoo.fr"},{"name":"CASTIGLIONE","email":"mairie.castiglione@orange.fr"},{"name":"CASTINETA","email":"AUCUN EMAIL"},{"name":"CASTIRLA","email":"communedecastirla@orange.fr"},{"name":"CATERI","email":"mairiedecateri@wanadoo.fr"},{"name":"CENTURI","email":"mairie-de-centuri@wanadoo.fr"},{"name":"CERVIONE","email":"mairie@cervione.com"},{"name":"CHIATRA DI VERDE","email":"chiatra.commune@wanadoo.fr"},{"name":"CHISA","email":"mairie.chisa@wanadoo.fr"},{"name":"CORBARA","email":"corbara3@wanadoo.fr"},{"name":"CORSCIA","email":"mairie-corscia@orange.fr"},{"name":"CORTE","email":"mairie@mairie-corte.fr"},{"name":"COSTA","email":"mairie.costa@wanadoo.fr"},{"name":"CROCE","email":"AUCUN EMAIL"},{"name":"CROCICCHIA","email":"mairiedecrocicchia@orange.fr"},{"name":"ERBAJOLO","email":"mairie.erbajolo@orange.fr"},{"name":"ERONE","email":"AUCUN EMAIL"},{"name":"ERSA","email":"mairieersa@wanadoo.fr"},{"name":"FARINOLE","email":"mairie.de.farinole@wanadoo.fr"},{"name":"FAVALELLO","email":"communedefavalello@orange.fr"},{"name":"FELCE","email":"AUCUN EMAIL"},{"name":"FELICETO","email":"mairie.feliceto@sfr.fr"},{"name":"FICAJA","email":"mairieficaja@wanadoo.fr"},{"name":"FOCICCHIA","email":"mairie-focicchia@orange.fr"},{"name":"FURIANI","email":"babeth.vecchioli@wanadoo.fr"},{"name":"GALERIA","email":"galeria.mairie@wanadoo.fr"},{"name":"GAVIGNANO","email":"mairie-gavignano@wanadoo.fr"},{"name":"GHISONACCIA","email":"mairie.ghisonaccia@wanadoo.fr"},{"name":"GHISONI","email":"mairie.ghisoni@wanadoo.fr"},{"name":"GIOCATOJO","email":"mairie-giocatojo@wanadoo.fr"},{"name":"GIUNCAGGIO","email":"mairie-de-guincaggio@wanadoo.fr"},{"name":"ISOLACCIO DI FIUMORBO","email":"info@isolacciodifiumorbu.com"},{"name":"LAMA","email":"mairie-de-lama@wanadoo.fr"},{"name":"LANO","email":"AUCUN EMAIL"},{"name":"LA PORTA","email":"mairielaporta@sfr.fr"},{"name":"LAVATOGGIO","email":"mairie.lavatoggio@wanadoo.fr"},{"name":"LENTO","email":"mairie.lento@orange.fr"},{"name":"L ILE ROUSSE","email":"ile-rousse.mairie@wanadoo.fr"},{"name":"LINGUIZZETTA","email":"mairie-linguizzetta@wanadoo.fr"},{"name":"LORETO DI CASINCA","email":"mairieloreto@wanadoo.fr"},{"name":"LOZZI","email":"cumuna-lozzi@orange.fr"},{"name":"LUCCIANA","email":"mairie-de-lucciana@wanadoo.fr"},{"name":"LUGO DI NAZZA","email":"lugodinazza2b@orange.fr"},{"name":"LUMIO","email":"info@mairie-lumio.fr"},{"name":"LURI","email":"mairiedeluri@wanadoo.fr"},{"name":"MANSO","email":"mairie@manso.fr"},{"name":"MATRA","email":"mairie.matra@wanadoo.fr"},{"name":"MAUSOLEO","email":"AUCUN EMAIL"},{"name":"MAZZOLA","email":"mairie-de-mazzola.mairie-de-mazzola@wanadoo.fr"},{"name":"MERIA","email":"mairie.meria@wanadoo.fr"},{"name":"MOITA","email":"mairie.moita@wanadoo.fr"},{"name":"MOLTIFAO","email":"mairie.moltifao@orange.fr"},{"name":"MONACIA D OREZZA","email":"mairie.monacia.orezza@wanadoo.fr"},{"name":"MONCALE","email":"moncale.mairie@wanadoo.fr"},{"name":"MONTE","email":"monte.mairie@wanadoo.fr"},{"name":"MONTEGROSSO","email":"mairie.de.montegrosso@wanadoo.fr"},{"name":"MONTICELLO","email":"mairie-de-monticello@wanadoo.fr"},{"name":"MOROSAGLIA","email":"mairie.morosaglia@wanadoo.fr"},{"name":"MORSIGLIA","email":"yves.stella@wanadoo.fr"},{"name":"MURACCIOLE","email":"commune-muracciole@wanadoo.fr"},{"name":"MURATO","email":"mairiemurato@wanadoo.fr"},{"name":"MURO","email":"casacumuna.20225.muro@wanadoo.fr"},{"name":"NESSA","email":"mairiedenessa@orange.fr"},{"name":"NOCARIO","email":"mairiedenocario@orange.fr"},{"name":"NOCETA","email":"commune-noceta@wanadoo.fr"},{"name":"NONZA","email":"nonza@wanadoo.fr"},{"name":"NOVALE","email":"mairie.novale@mic.fr"},{"name":"NOVELLA","email":"jean.padovani@wanadoo.fr"},{"name":"OCCHIATANA","email":"occhiatana@wanadoo.fr"},{"name":"OGLIASTRO","email":"mairieogliastru@wanadoo.fr"},{"name":"OLCANI","email":"mairieolcani@orange.fr"},{"name":"OLETTA","email":"oletta@wanadoo.fr"},{"name":"OLMETA DI CAPO CORSO","email":"olmeta.capocorso@wanadoo.fr"},{"name":"OLMETA DI TUDA","email":"olmeta.dituda.mairie@wanadoo.fr"},{"name":"OLMI CAPPELLA","email":"mairie-olmi-cappella@wanadoo.fr"},{"name":"OLMO","email":"mairieolmo@wanadoo.fr"},{"name":"OMESSA","email":"mairie-omessa@orange.fr"},{"name":"ORTALE","email":"mairie.ortale@wanadoo.fr"},{"name":"ORTIPORIO","email":"mairiedortiporio@yahoo.fr"},{"name":"PALASCA","email":"mairiedepalasca@orange.fr"},{"name":"PANCHERACCIA","email":"mairie.pancheraccia@wanadoo.fr"},{"name":"PARATA","email":"mairie.parata@wanadoo.fr"},{"name":"PATRIMONIO","email":"secretariat.patrimonio@mic.fr"},{"name":"PENTA ACQUATELLA","email":"mairie.pentaacquatella@gmail.com"},{"name":"PENTA DI CASINCA","email":"mairie.pentadicasinca@wanadoo.fr"},{"name":"PERELLI","email":"AUCUN EMAIL"},{"name":"PERO CASEVECCHIE","email":"perocasevecchie@wanadoo.fr"},{"name":"PIANELLO","email":"pianello.mairie@wanadoo.fr"},{"name":"PIANO","email":"mairie.piano@wanadoo.fr"},{"name":"PIAZZALI","email":"communedepiazzali@orange.fr"},{"name":"PIAZZOLE","email":"mairie.piazzole-orezza@wanadoo.fr"},{"name":"PIEDICORTE DI GAGGIO","email":"mairie.piedicorte@orange.fr"},{"name":"PIEDICROCE","email":"mairiepiedicroce@orange.fr"},{"name":"PIEDIGRIGGIO","email":"mairie-piedigriggio@wanadoo.fr"},{"name":"PIEDIPARTINO","email":"AUCUN EMAIL"},{"name":"PIE D OREZZA","email":"AUCUN EMAIL"},{"name":"PIETRACORBARA","email":"mairie.pietracorbara@wanadoo.fr"},{"name":"PIETRA DI VERDE","email":"mairie.pietradiverde@wanadoo.fr"},{"name":"PIETRALBA","email":"mairie-de-pietralba@wanadoo.fr"},{"name":"PIETRASERENA","email":"pietraserena.mairie@wanadoo.fr"},{"name":"PIETRICAGGIO","email":"mairie.pietricaggio@orange.fr"},{"name":"PIETROSO","email":"AUCUN EMAIL"},{"name":"PIEVE","email":"mairie-de-pieve@orange.fr"},{"name":"PIGNA","email":"mairiepigna@orange.fr"},{"name":"PINO","email":"mairie.pino@orange.fr"},{"name":"PIOBETTA","email":"mairiedepiobbeta@orange.fr"},{"name":"PIOGGIOLA","email":"mairiepioggiola@orange.fr"},{"name":"POGGIO DI NAZZA","email":"mairie.poggio-di-nazza@orange.fr"},{"name":"POGGIO DI VENACO","email":"poggiodevenaco@aol.com"},{"name":"POGGIO D OLETTA","email":"mairie.poggiodoletta@wanadoo.fr"},{"name":"POGGIO MARINACCIO","email":"mairie.poggio.marinaccio@wanadoo.fr"},{"name":"POGGIO MEZZANA","email":"mairiepoggiomezzan@wanadoo.fr"},{"name":"POLVEROSO","email":"mairie-polveroso@orange.fr"},{"name":"POPOLASCA","email":"mairie.popolasca@wanadoo.fr"},{"name":"PORRI","email":"mairie.porri@wanadoo.fr"},{"name":"PRATO DI GIOVELLINA","email":"mairieprato@orange.fr"},{"name":"PRUNELLI DI CASACCONI","email":"mairie.prunelli-di-casacconi@orange.fr"},{"name":"PRUNELLI DI FIUMORBO","email":"mairiedeprunellidifiumorbu@orange.fr"},{"name":"PRUNO","email":"mairiedepruno@wanadoo.fr"},{"name":"QUERCITELLO","email":"AUCUN EMAIL"},{"name":"RAPAGGIO","email":"AUCUN EMAIL"},{"name":"RAPALE","email":"mairiederapale@wanadoo.fr"},{"name":"RIVENTOSA","email":"mairie.riventosa@wanadoo.fr"},{"name":"ROGLIANO","email":"mairiederogliano@orange.fr"},{"name":"ROSPIGLIANI","email":"commune.de.rospigliani@wanadoo.fr"},{"name":"RUSIO","email":"mairie.rusio@orange.fr"},{"name":"RUTALI","email":"mairie.rutali@wanadoo.fr"},{"name":"SAINT FLORENT","email":"mairie.saint-florent.corse [ à ] wanadoo.fr"},{"name":"SALICETO","email":"rrinaldi311@aol.com"},{"name":"SAN DAMIANO","email":"AUCUN EMAIL"},{"name":"SAN GAVINO D AMPUGNANI","email":"commune-san-gavino-dampugnani@orange.fr"},{"name":"SAN GAVINO DI FIUMORBO","email":"mairie.sangavinodifiumo@wanadoo.fr"},{"name":"SAN GAVINO DI TENDA","email":"sangavinoditenda@orange.fr"},{"name":"SAN GIOVANNI DI MORIANI","email":"sangiovanni@wanadoo.fr"},{"name":"SAN GIULIANO","email":"san-giulianomairie@wanadoo.fr"},{"name":"SAN LORENZO","email":"mairie.sanlorenzo@gmail.com"},{"name":"SAN MARTINO DI LOTA","email":"mairiesanmartinodl@wanadoo.fr"},{"name":"SAN NICOLAO","email":"sn2b@wanadoo.fr"},{"name":"SANTA LUCIA DI MERCURIO","email":"pauluparigi@aol.com"},{"name":"SANTA LUCIA DI MORIANI","email":"mairie-santa-lucia-di-moriani@wanadoo.fr"},{"name":"SANTA MARIA DI LOTA","email":"SANTAMARIADILOTA@wanadoo.fr"},{"name":"SANTA MARIA POGGIO","email":"mairie.santamariapoghju@wanadoo.fr"},{"name":"SANT ANDREA DI BOZIO","email":"mairie.santandreadibozio@wanadoo.fr"},{"name":"SANT ANDREA DI COTONE","email":"mairie.santandreacotone@orange.fr"},{"name":"SANT ANTONINO","email":"mairiesantantonino@wanadoo.fr"},{"name":"SANTA REPARATA DI BALAGNA","email":"info@santareparata.fr"},{"name":"SANTA REPARATA DI MORIANI","email":"commune-santa-reparata-moriani@orange.fr"},{"name":"SANTO PIETRO DI TENDA","email":"mairie.santo-pietro-di-tenda@orange.fr"},{"name":"SANTO PIETRO DI VENACO","email":"santopietrodivenaco@hotmail.fr"},{"name":"SCATA","email":"AUCUN EMAIL"},{"name":"SCOLCA","email":"mairiedescolca@yahoo.fr"},{"name":"SERMANO","email":"mairiedesermano@orange.fr"},{"name":"SERRA DI FIUMORBO","email":"mairieserra@wanadoo.fr"},{"name":"SILVARECCIO","email":"silvareccio@wanadoo.fr"},{"name":"SISCO","email":"mairie.sisco@wanadoo.fr"},{"name":"SOLARO","email":"communedesolaro@orange.fr"},{"name":"SORBO OCAGNANO","email":"mairie.sorbo@mic.fr"},{"name":"SORIO","email":"mairiedesorio@wanadoo.fr"},{"name":"SOVERIA","email":"mairiesoveria@orange.fr"},{"name":"SPELONCATO","email":"Jean-Francois.Poli@wanadoo.fr"},{"name":"STAZZONA","email":"AUCUN EMAIL"},{"name":"TAGLIO ISOLACCIO","email":"mairie.taglio.isolaccio@wanadoo.fr"},{"name":"TALASANI","email":"mairietalasani@wanadoo.fr"},{"name":"TALLONE","email":"AUCUN EMAIL"},{"name":"TARRANO","email":"AUCUN EMAIL"},{"name":"TOMINO","email":"mairie.tomino@wanadoo.fr"},{"name":"TOX","email":"mairiedetox@wanadoo.fr"},{"name":"TRALONCA","email":"mairie-de-tralonca@orange.fr"},{"name":"URTACA","email":"mairie-urtaca@wanadoo.fr"},{"name":"VALLECALLE","email":"commune-vallecalle@wanadoo.fr"},{"name":"VALLE D ALESANI","email":"AUCUN EMAIL"},{"name":"VALLE DI CAMPOLORO","email":"commune.valle-di-campoloro@wanadoo.fr"},{"name":"VALLE DI ROSTINO","email":"mairie-valledirostino@wanadoo.fr"},{"name":"VALLE D OREZZA","email":"AUCUN EMAIL"},{"name":"VALLICA","email":"vallica.mairie@free.fr"},{"name":"VELONE ORNETO","email":"communedeveloneorneto@orange.fr"},{"name":"VENACO","email":"mairie.venaco@orange.fr"},{"name":"VENTISERI","email":"AUCUN EMAIL"},{"name":"VENZOLASCA","email":"mairie.venzolasca@wanadoo.fr"},{"name":"VERDESE","email":"AUCUN EMAIL"},{"name":"VESCOVATO","email":"mairie-vescovato@wanadoo.fr"},{"name":"VEZZANI","email":"vezzani2@wanadoo.fr"},{"name":"VIGNALE","email":"vignale.mairie@wanadoo.fr"},{"name":"VILLE DI PARASO","email":"mairie.ville.di.paraso@wanadoo.fr"},{"name":"VILLE DI PIETRABUGNO","email":"info@pietrabugno.com"},{"name":"VIVARIO","email":"mairie.vivario@wanadoo.fr"},{"name":"VOLPAJOLA","email":"mairie.de.volpajola@orange.fr"},{"name":"ZALANA","email":"mairiedezalana@wanadoo.fr"},{"name":"ZILIA","email":"mairie.zilia380@orange.fr"},{"name":"ZUANI","email":"AUCUN EMAIL"}]}
,
{"Seine St-Denis":[{"name":"AUBERVILLIERS","email":"secretariat-general@mairie-Aubervilliers.fr"},{"name":"AULNAY SOUS BOIS","email":"comexterne@aulnay-sous-bois.com"},{"name":"BAGNOLET","email":"mairie@ville-bagnolet.fr"},{"name":"BOBIGNY","email":"comtown@comtown.com"},{"name":"BONDY","email":"cab-maire@ville-bondy.fr"},{"name":"CLICHY SOUS BOIS","email":"webmaster@ville-clichy-sous-bois.fr"},{"name":"COUBRON","email":"cabinet.maire@coubron.fr "},{"name":"DRANCY","email":"maire@drancy.fr"},{"name":"DUGNY","email":"cabmaire@mairie-dugny.fr"},{"name":"EPINAY SUR SEINE","email":"communication@mairie-epinay93.fr"},{"name":"GAGNY","email":"info@mairie-gagny.fr"},{"name":"GOURNAY SUR MARNE","email":"c.gonnet@gournay-sur-marne.fr"},{"name":"LA COURNEUVE","email":"maire@ville-la-courneuve.fr"},{"name":"LE BLANC MESNIL","email":"lemensuel@ville-blanc-mesnil.fr"},{"name":"LE BOURGET","email":"service.communication@ville-lebourget.fr"},{"name":"LE PRE SAINT GERVAIS","email":"communication@ville-du-pre-saint-gervais.fr"},{"name":"LE RAINCY","email":"leraincy@leraincy.com"},{"name":"LES LILAS","email":"ville@leslilas.fr"},{"name":"LES PAVILLONS SOUS BOIS","email":"mairie@ville-pavillons-sous-bois.fr"},{"name":"L ILE SAINT DENIS","email":"mairie@lile-saint-denis.fr"},{"name":"LIVRY GARGAN","email":"courriermaire@ville-de-livry-gargan.fr"},{"name":"MONTFERMEIL","email":"elus@ville-montfermeil.fr"},{"name":"MONTREUIL","email":"site.internet@montreuil93.net"},{"name":"NEUILLY PLAISANCE","email":"contact@mairie-neuillyplaisance.com"},{"name":"NEUILLY SUR MARNE","email":"mairie.neuilly.marne@wanadoo.fr"},{"name":"NOISY LE GRAND","email":"mairie@ville-noisylegrand.fr"},{"name":"NOISY LE SEC","email":"maire@noisylesec.fr"},{"name":"PANTIN","email":"AUCUN EMAIL"},{"name":"PIERREFITTE SUR SEINE","email":"mairie@mairie-pierrefitte-sur-seine.fr"},{"name":"ROMAINVILLE","email":"courrier@ville-romainville.fr"},{"name":"ROSNY SOUS BOIS","email":"courrier@mairie-rosny-sous-bois.fr"},{"name":"SAINT DENIS","email":"mairie.saint.denis@ville-saint-denis.fr"},{"name":"SAINT OUEN","email":"etat-civil@mairie-saint-ouen.fr"},{"name":"SEVRAN","email":"grp_accueil@ville-sevran.fr"},{"name":"STAINS","email":"courrier@stains.fr"},{"name":"TREMBLAY EN FRANCE","email":"services@tremblayenfrance.fr"},{"name":"VAUJOURS","email":"contact@ville-vaujours.fr"},{"name":"VILLEMOMBLE","email":"secretariat-general@mairie-villemomble.fr"},{"name":"VILLEPINTE","email":"mairie@ville-villepinte.fr"},{"name":"VILLETANEUSE","email":"communication@mairie-villetaneuse.fr"}]}
]
